employee_id,full_name,email_address,dependent_1,dependent_2,phone_number,phone_number_1,department_name,city,country,hire_date
1000,Brittany Collins,rcharles@example.org,Debra Butler MD,Amy Klein,+1-617-622-0657x892,(535)996-4205,Translator,Port Oliviafurt,Lao People's Democratic Republic,2022-05-16
1001,Jason Perkins,tinasteele@example.org,Wesley Fernandez,Teresa Hoffman,229-582-6538x45456,(535)996-4205,Psychotherapist,Port Oliviafurt,Lao People's Democratic Republic,2017-04-02
1002,Brandon Flores,nvega@example.com,Wesley Fernandez,Teresa Hoffman,538-979-5928,(535)996-4205,"Conservator, furniture",Lake Christine,China,2015-08-07
1003,Allen Mitchell,mcculloughamanda@example.com,Beth Gray,Samantha Kelley,(483)810-7248,(535)996-4205,Commercial horticulturist,Port Oliviafurt,Lao People's Democratic Republic,2020-11-29
1004,John Smith,schmittderek@example.org,Beth Gray,Samantha Kelley,414-406-6312,+1-455-316-2986x08014,Health and safety adviser,Port Oliviafurt,Lao People's Democratic Republic,2023-08-30
1005,Cynthia Arias,travisthompson@example.com,Beth Gray,Samantha Kelley,(400)840-8497,311.994.0300x911,Fish farm manager,Lake Christophermouth,Sweden,2024-10-23
1006,Yvonne Gordon,marksjanet@example.net,Mary Williams,Christian Taylor,(443)535-6675x60478,(442)801-5152,Materials engineer,Obrienstad,Belgium,2017-07-11
1007,Charles Moore,marilynfoster@example.org,Mary Williams,Christian Taylor,001-984-438-9193,(442)801-5152,Ship broker,Obrienstad,Belgium,2019-12-29
1008,Brianna Stewart,johnbaker@example.net,Mary Williams,Christian Taylor,+1-648-376-2710,981.780.0222x68720,"Conservator, furniture",Lake Christine,China,2016-09-02
1009,Michael Wiley,dawn24@example.org,Mary Williams,Christian Taylor,(708)689-3488x128,+1-897-895-1022x051,Ship broker,Obrienstad,Belgium,2022-03-18
1010,Sierra Medina,cameron10@example.org,Mary Williams,Christian Taylor,235-598-6285x7040,+1-897-895-1022x051,Materials engineer,Obrienstad,Belgium,2016-05-13
1011,Richard Morgan,shawnkelly@example.org,James Pitts,Jennifer Bennett,471.395.5398x101,+1-530-614-6682x1898,Health and safety adviser,Port Oliviafurt,Lao People's Democratic Republic,2022-09-10
1012,April Jones,nolanrandall@example.com,Karen Smith,Jennifer Bennett,788.790.8333x612,+1-530-614-6682x1898,Ship broker,Obrienstad,Belgium,2025-04-20
1013,Katrina Smith,vancejohn@example.net,Kimberly Castillo,Christine Payne,+1-979-449-9679,+1-530-614-6682x1898,Health and safety adviser,Port Oliviafurt,Lao People's Democratic Republic,2022-08-06
1014,John Taylor,xcruz@example.net,Jesse Nelson,Christine Payne,663-487-8458x421,+1-530-614-6682x1898,Psychiatric nurse,Lake Christophermouth,Sweden,2016-09-19
1015,Bobby Hoover,angelwilliams@example.net,Jesse Nelson,Christine Payne,651-315-5449x3300,(560)319-7090x468,Psychiatric nurse,Lake Christophermouth,Sweden,2024-10-22
1016,Michael Moore,aelliott@example.org,Megan Kirby,Christine Payne,(286)850-9435,(560)319-7090x468,Translator,Port Oliviafurt,Lao People's Democratic Republic,2023-11-18
1017,Anthony Barnett,collinsdean@example.net,Corey Williams,Kevin Oconnor,994.596.5321x12002,893.224.9123x338,Materials engineer,Obrienstad,Belgium,2022-09-23
1018,Angela Johnson,williamdavis@example.org,Corey Williams,Kevin Oconnor,(927)934-8625,893.224.9123x338,Psychotherapist,Port Oliviafurt,Lao People's Democratic Republic,2016-01-26
1019,Maria Martinez,jamesmunoz@example.org,Melissa Vasquez,Christopher Taylor,+1-691-959-1441,893.224.9123x338,Commercial horticulturist,Port Oliviafurt,Lao People's Democratic Republic,2016-08-07
1020,Sandra Dunn,nramirez@example.com,Brittany Walter,Christopher Taylor,328-721-4840x741,893.224.9123x338,Psychotherapist,Port Oliviafurt,Lao People's Democratic Republic,2024-12-22
1021,Rose Ruiz,millerlinda@example.org,Brittany Walter,Christopher Taylor,815.937.1549,+1-838-860-3528,Automotive engineer,Port Oliviafurt,Lao People's Democratic Republic,2017-04-14
1022,Erin Hayes,zdavis@example.com,Dr. Jane Curry,Karen Robinson,+1-847-810-1678x64373,838.486.4183,Fish farm manager,Lake Christophermouth,Sweden,2023-01-11
1023,Donna Diaz,jonescheryl@example.net,Dr. Jane Curry,Karen Robinson,274.423.5135,838.486.4183,Materials engineer,Obrienstad,Belgium,2025-07-06
1024,Richard Wong,toddthomas@example.net,Kevin Murphy,Karen Robinson,480-246-3564x164,838.486.4183,Automotive engineer,Port Oliviafurt,Lao People's Democratic Republic,2022-04-15
1025,Courtney Trevino,gilljoshua@example.com,Kevin Murphy,Karen Robinson,456-421-8427,(227)833-4817x87694,Psychiatric nurse,Lake Christophermouth,Sweden,2023-01-13
1026,Harold Martin,garciavictoria@example.net,Debra Vega,Karen Robinson,912.822.3013x482,(227)833-4817x87694,"Conservator, furniture",Lake Christine,China,2016-05-07
1027,Steven Davis,espinozajason@example.net,Debra Vega,Karen Robinson,330.895.9602,925.798.0758x3242,Fish farm manager,Lake Christophermouth,Sweden,2019-04-16
1028,Brianna Butler,davidhoward@example.org,Gregory Miles,Crystal Hudson,672.483.9735,+1-665-749-5600x46174,Automotive engineer,Port Oliviafurt,Lao People's Democratic Republic,2023-09-13
1029,Monica Jones,jadkins@example.org,Gregory Miles,Crystal Hudson,281-843-1061,(276)733-6466,Commercial horticulturist,Port Oliviafurt,Lao People's Democratic Republic,2021-02-05
1030,Paul Young,ppalmer@example.org,Stephanie Terry,Thomas Hall,457-786-5146x4746,(276)733-6466,"Conservator, furniture",Lake Christine,China,2021-10-01
1031,Jacob Freeman,blakekelly@example.com,Stephanie Terry,Thomas Hall,7743242967,(276)733-6466,Materials engineer,Obrienstad,Belgium,2022-04-27
1032,Amy Shields,ujohnson@example.org,Kayla Jackson,Thomas Hall,236-506-7554,(276)733-6466,Commercial horticulturist,Port Oliviafurt,Lao People's Democratic Republic,2025-04-03
1033,Zachary Jackson,tpierce@example.org,Kayla Jackson,Thomas Hall,489-910-4660x535,254.657.8674x09887,Materials engineer,Obrienstad,Belgium,2025-03-21
1034,Matthew Williams,careydeborah@example.com,Ian Edwards,Thomas Hall,776.833.2560x7893,001-323-487-1947,Ship broker,Obrienstad,Belgium,2021-05-23
1035,Steven Bell,blee@example.net,Ian Edwards,Thomas Hall,9505180376,858-819-4812,Ship broker,Obrienstad,Belgium,2016-01-10
1036,Roger Jones,priceregina@example.com,Ian Edwards,Thomas Hall,001-747-577-3725x2429,001-431-421-9391x21737,Materials engineer,Obrienstad,Belgium,2020-05-13
1037,Matthew Wilson,sboyer@example.org,Miguel Walters,Thomas Hall,(480)948-9176x957,001-431-421-9391x21737,Materials engineer,Obrienstad,Belgium,2021-11-11
1038,Maria Kelly,tinamcconnell@example.net,Christopher Roberts,Thomas Salinas,615-680-0839x018,+1-310-474-8027x68297,Ship broker,Obrienstad,Belgium,2019-05-03
1039,Lauren Osborne,jenningsdavid@example.com,Christopher Roberts,Thomas Salinas,(876)936-7866,929-896-8268,"Conservator, furniture",Lake Christine,China,2023-10-04
1040,Allison Sullivan,preed@example.com,Christopher Roberts,Thomas Salinas,5413853828,929-896-8268,Psychotherapist,Port Oliviafurt,Lao People's Democratic Republic,2024-03-12
1041,Jennifer Baker,tcampbell@example.com,Wendy Munoz,Thomas Salinas,498.755.3977x970,929-896-8268,Psychotherapist,Port Oliviafurt,Lao People's Democratic Republic,2023-09-04
1042,Christopher Simmons,cturner@example.com,Wendy Munoz,Thomas Salinas,(489)664-0021x77390,(351)639-1100,"Conservator, furniture",Lake Christine,China,2022-05-24
1043,Stephanie Campbell,louis40@example.org,Wendy Munoz,Thomas Salinas,001-502-944-5377x66960,(351)639-1100,Automotive engineer,Port Oliviafurt,Lao People's Democratic Republic,2019-06-24
1044,Emily Obrien,castrofelicia@example.net,Wendy Munoz,Thomas Salinas,001-442-847-1205x73751,001-223-585-5204x809,"Conservator, furniture",Lake Christine,China,2025-02-08
1045,Kristopher Morris PhD,tyu@example.net,Kristen Williams,Thomas Salinas,+1-501-968-3431x8122,001-223-585-5204x809,Psychiatric nurse,Lake Christophermouth,Sweden,2019-12-17
1046,Donald Oconnell,rsmith@example.org,Kristen Williams,Thomas Salinas,840-200-3172,001-350-513-5742,Automotive engineer,Port Oliviafurt,Lao People's Democratic Republic,2016-04-30
1047,Robin Farmer,nicholas89@example.com,Janet Hoffman,Candice Sosa,749.572.3053,001-350-513-5742,Psychotherapist,Port Oliviafurt,Lao People's Democratic Republic,2023-11-19
1048,Jeffrey Hartman,dillonjohn@example.net,Mitchell Brown,Anthony Wells,821-498-7051,+1-264-821-2590,Commercial horticulturist,Port Oliviafurt,Lao People's Democratic Republic,2023-06-18
1049,David Whitaker,jeffersonjoann@example.com,Marco Osborn,Melissa Rogers,542.361.1874x054,5083478361,Fish farm manager,Lake Christophermouth,Sweden,2023-06-10
1050,Molly Torres,ecastillo@example.net,Tammy Chambers,Melissa Rogers,+1-820-330-1708,5083478361,Commercial horticulturist,Port Oliviafurt,Lao People's Democratic Republic,2021-02-17
1051,Tiffany Stephenson,andreagoodman@example.org,David Brooks,Melissa Rogers,(282)781-6020,(323)910-2600x462,Ship broker,Obrienstad,Belgium,2022-06-14
1052,Samuel Smith,tanyamoore@example.org,John Holmes,Kari Mathis,(969)531-3157,262.981.2471x80882,Ship broker,Obrienstad,Belgium,2025-04-30
1053,Sue Stewart,udickson@example.org,Laura Alvarado,Cynthia Barnett,001-303-379-9433,386.710.3362,Psychiatric nurse,Lake Christophermouth,Sweden,2025-07-13
1054,Jeffrey Ramirez,deleonrebecca@example.net,John Walsh,Cynthia Barnett,(257)371-1303x52086,386.710.3362,Fish farm manager,Lake Christophermouth,Sweden,2020-03-03
1055,Joshua Martin,wilsongail@example.net,John Walsh,Cynthia Barnett,001-406-735-6965x530,386.710.3362,"Conservator, furniture",Lake Christine,China,2021-12-15
1056,Christopher Flowers,rodneymoore@example.org,Jason Jenkins,Cynthia Barnett,873-438-6996,386.710.3362,"Conservator, furniture",Lake Christine,China,2016-07-14
1057,Mr. Scott Snyder DVM,hansenalexis@example.com,Jason Jenkins,Cynthia Barnett,(772)343-0284x9966,912-647-4387,Psychotherapist,Port Oliviafurt,Lao People's Democratic Republic,2021-12-25
1058,Mary Ferrell,tylerrobinson@example.org,Robert King,Cynthia Barnett,+1-479-465-0923,578-523-0584,Commercial horticulturist,Port Oliviafurt,Lao People's Democratic Republic,2024-06-14
1059,Sheri Joseph,wayne18@example.org,Robert King,Cynthia Barnett,2223045717,578-523-0584,Materials engineer,Obrienstad,Belgium,2017-08-10
1060,Jennifer Lee,bwhitney@example.com,Laura Ingram,Cynthia Barnett,001-334-970-0192x9218,578-523-0584,Automotive engineer,Port Oliviafurt,Lao People's Democratic Republic,2016-04-03
1061,Andrea Peters,jordanjoan@example.org,Rebecca Robbins,Cory Hernandez,(941)252-9278x42978,(361)460-1062,Health and safety adviser,Port Oliviafurt,Lao People's Democratic Republic,2017-12-28
1062,Dana Myers MD,jacksonbrittany@example.com,Rebecca Robbins,Cory Hernandez,+1-604-967-6012x1968,(361)460-1062,Psychotherapist,Port Oliviafurt,Lao People's Democratic Republic,2019-06-20
1063,Henry Ruiz,heatherlin@example.com,Rebecca Robbins,Cory Hernandez,589-363-7122,(573)938-8046x220,Psychotherapist,Port Oliviafurt,Lao People's Democratic Republic,2020-11-21
1064,Robert Miller,acostaamanda@example.org,Rebecca Robbins,Cory Hernandez,(842)250-8561x759,607-425-5180,Fish farm manager,Lake Christophermouth,Sweden,2022-07-06
1065,Kristina Brown,kristina45@example.com,Tracy Flores,Cory Hernandez,777-480-3485,607-425-5180,Automotive engineer,Port Oliviafurt,Lao People's Democratic Republic,2017-12-15
1066,Brent Buck,sharonramirez@example.com,Tracy Flores,Cory Hernandez,(333)849-5281x355,607-425-5180,Psychotherapist,Port Oliviafurt,Lao People's Democratic Republic,2023-07-06
1067,Jennifer Rich,pgentry@example.com,Christopher Levine,Cory Hernandez,911-894-2351,607-425-5180,Ship broker,Obrienstad,Belgium,2016-03-16
1068,Darren Ward,apowell@example.org,Christopher Levine,Cory Hernandez,(454)927-6152x26267,(358)329-1569x02764,Fish farm manager,Lake Christophermouth,Sweden,2022-05-10
1069,Kathleen Meza,mschultz@example.com,Christopher Levine,Cory Hernandez,920-374-3157,(358)329-1569x02764,Fish farm manager,Lake Christophermouth,Sweden,2015-07-18
1070,Elizabeth Doyle,zachary78@example.org,Paul Jackson,Cory Hernandez,(763)889-7407,499-737-0430,"Conservator, furniture",Lake Christine,China,2023-05-07
1071,Ricky Sutton,robinriley@example.net,Paul Jackson,Cory Hernandez,7765201010,611-426-2783x8851,Ship broker,Obrienstad,Belgium,2021-01-03
1072,Brandon Baxter,bryanle@example.com,Paul Jackson,Cory Hernandez,305-633-2370x4821,(895)896-4011,"Conservator, furniture",Lake Christine,China,2018-01-30
1073,Justin Mccormick,woodcameron@example.net,Paul Jackson,Cory Hernandez,(564)549-0241x056,(895)896-4011,Psychiatric nurse,Lake Christophermouth,Sweden,2017-10-06
1074,Grace Harrell,johnnyjohnson@example.net,Samuel Johnson,Cory Hernandez,452-716-1161x9318,(895)896-4011,Materials engineer,Obrienstad,Belgium,2018-12-12
1075,Sandra Wolfe,sandovalnorman@example.com,Samuel Johnson,Cory Hernandez,+1-325-650-9019x626,(895)896-4011,Ship broker,Obrienstad,Belgium,2018-07-13
1076,Shannon Levy,usmith@example.org,Lori Mccullough,Cory Hernandez,(492)573-7580,001-398-958-5028x83185,Fish farm manager,Lake Christophermouth,Sweden,2019-09-20
1077,Aaron Lewis,kimjose@example.org,Jonathan Robinson,Travis Galvan,878.376.9420,755-201-0313,Psychiatric nurse,Lake Christophermouth,Sweden,2020-01-14
1078,Virginia Smith,sextonalec@example.org,Sarah Stewart,Seth Greer,001-744-519-1008x54177,+1-304-936-1739x97169,Translator,Port Oliviafurt,Lao People's Democratic Republic,2016-09-24
1079,Tyler Baker,petersandre@example.net,Amanda Villarreal,Seth Greer,(228)856-1153x598,867.362.1695x2644,Ship broker,Obrienstad,Belgium,2021-01-31
1080,Taylor Mcclure,david23@example.net,Amanda Villarreal,Seth Greer,+1-258-448-8193x641,867.362.1695x2644,Psychotherapist,Port Oliviafurt,Lao People's Democratic Republic,2020-08-09
1081,Anthony Jackson,twagner@example.net,Amanda Villarreal,Seth Greer,300-967-7221x867,8208313520,Psychiatric nurse,Lake Christophermouth,Sweden,2023-09-21
1082,Christy Kelley,mreynolds@example.com,Amanda Villarreal,Seth Greer,001-708-785-4301,8208313520,Materials engineer,Obrienstad,Belgium,2016-05-20
1083,Gary Richardson,xlin@example.net,Ian James,James Cox,716.589.1943x594,8208313520,Fish farm manager,Lake Christophermouth,Sweden,2020-08-03
1084,Lee Lewis,martinezcole@example.net,Ian James,James Cox,3498442298,8208313520,Ship broker,Obrienstad,Belgium,2018-08-01
1085,Christina Morton,cherryanthony@example.net,Ian James,James Cox,471.524.5333x856,001-367-948-4586x824,Fish farm manager,Lake Christophermouth,Sweden,2018-12-21
1086,Brian Fleming,rhonda82@example.org,Ian James,James Cox,204-926-9064x32391,(718)649-3419x623,Translator,Port Oliviafurt,Lao People's Democratic Republic,2020-07-23
1087,Jennifer Phillips,whitedaniel@example.com,Ian James,James Cox,+1-661-283-5531x545,502-450-5838x0090,"Conservator, furniture",Lake Christine,China,2024-05-14
1088,Glenn Mcclain,jamesjohnson@example.com,Andrew Kennedy,Timothy Taylor,001-614-453-6861,502-450-5838x0090,Commercial horticulturist,Port Oliviafurt,Lao People's Democratic Republic,2024-11-07
1089,Maureen Hernandez,karen60@example.com,Kenneth Foley,Timothy Taylor,(509)918-5843,502-450-5838x0090,Health and safety adviser,Port Oliviafurt,Lao People's Democratic Republic,2019-05-15
1090,Allison Smith,alexandraharper@example.com,Kenneth Foley,Timothy Taylor,681.432.7488,932-956-0393x481,Psychotherapist,Port Oliviafurt,Lao People's Democratic Republic,2025-04-19
1091,Kenneth Wiggins,anitadominguez@example.net,John Lyons,Timothy Taylor,+1-831-717-1681x3082,932-956-0393x481,Health and safety adviser,Port Oliviafurt,Lao People's Democratic Republic,2025-04-30
1092,David Edwards,brandonortega@example.com,John Lyons,Timothy Taylor,(449)756-3558x13365,932-956-0393x481,Translator,Port Oliviafurt,Lao People's Democratic Republic,2022-08-17
1093,Thomas Villegas,williamsmark@example.com,John Lyons,Timothy Taylor,+1-724-806-8543x535,932-956-0393x481,Automotive engineer,Port Oliviafurt,Lao People's Democratic Republic,2018-12-01
1094,Stephanie Andersen,gregorypatricia@example.net,John Lyons,Timothy Taylor,(517)370-4843x5056,932-956-0393x481,Fish farm manager,Lake Christophermouth,Sweden,2020-04-26
1095,Stephanie Lewis,smithmegan@example.com,John Lyons,Timothy Taylor,991.319.0632x853,+1-942-388-4946x51060,Fish farm manager,Lake Christophermouth,Sweden,2024-08-19
1096,Alice Rodriguez,chasedenise@example.org,John Lyons,Timothy Taylor,(653)745-6606x95992,631.404.6288,Automotive engineer,Port Oliviafurt,Lao People's Democratic Republic,2020-10-06
1097,Deborah Weber,sparksdavid@example.com,John Lyons,Timothy Taylor,208.956.1647x3383,(542)384-8307x28811,Psychotherapist,Port Oliviafurt,Lao People's Democratic Republic,2021-01-11
1098,Marc Hill,clarkemadison@example.org,John Lyons,Timothy Taylor,3256371126,001-970-249-7728,Psychotherapist,Port Oliviafurt,Lao People's Democratic Republic,2022-10-31
1099,Nicole Robertson,ronaldbrewer@example.net,John Lyons,Timothy Taylor,001-706-752-7193x78338,001-970-249-7728,Health and safety adviser,Port Oliviafurt,Lao People's Democratic Republic,2017-09-08
